{"cameraMode":{"drawMode":0,"name":"Shaded","section":"Shading Mode"},"sceneLighting":true,"audioPlay":false,"sceneViewState":{"showFog":true,"showMaterialUpdate":false,"showSkybox":true,"showFlares":true,"showImageEffects":true,"showParticleSystems":true,"showVisualEffectGraphs":true,"m_FxEnabled":true},"in2DMode":false,"pivot":{"x":1.1626633405685425,"y":-6.574563980102539,"z":12.219084739685059},"rotation":{"x":-0.24235764145851136,"y":-0.011062667705118657,"z":0.0027661880012601616,"w":-0.9701293706893921},"size":9.501733779907227,"orthographic":false}